<?xml version="1.0" encoding="UTF-8"?>
<project-private xmlns="http://www.netbeans.org/ns/project-private/1">
    <editor-bookmarks xmlns="http://www.netbeans.org/ns/editor-bookmarks/2" lastBookmarkId="0"/>
    <open-files xmlns="http://www.netbeans.org/ns/projectui-open-files/2">
        <group>
            <file>file:/C:/Users/Djavan%20Hinrichs/Desktop/CFGS%20DAM1/Programación%20(JAVA)/Proyectos%20con%20nota/Tic%20Tac%20Toe/TresEnRaya/src/tresenraya/Jugador.java</file>
            <file>file:/C:/Users/Djavan%20Hinrichs/Desktop/CFGS%20DAM1/Programación%20(JAVA)/Proyectos%20con%20nota/Tic%20Tac%20Toe/TresEnRaya/src/tresenraya/Moviment.java</file>
            <file>file:/C:/Users/Djavan%20Hinrichs/Desktop/CFGS%20DAM1/Programación%20(JAVA)/Proyectos%20con%20nota/Tic%20Tac%20Toe/TresEnRaya/src/tresenraya/Ranking.java</file>
            <file>file:/C:/Users/Djavan%20Hinrichs/Desktop/CFGS%20DAM1/Programación%20(JAVA)/Proyectos%20con%20nota/Tic%20Tac%20Toe/TresEnRaya/src/tresenraya/IA0.java</file>
            <file>file:/C:/Users/Djavan%20Hinrichs/Desktop/CFGS%20DAM1/Programación%20(JAVA)/Proyectos%20con%20nota/Tic%20Tac%20Toe/TresEnRaya/src/tresenraya/Sessió.java</file>
            <file>file:/C:/Users/Djavan%20Hinrichs/Desktop/CFGS%20DAM1/Programación%20(JAVA)/Proyectos%20con%20nota/Tic%20Tac%20Toe/TresEnRaya/src/tresenraya/Partida.java</file>
            <file>file:/C:/Users/Djavan%20Hinrichs/Desktop/CFGS%20DAM1/Programación%20(JAVA)/Proyectos%20con%20nota/Tic%20Tac%20Toe/TresEnRaya/src/tresenraya/Taulell.java</file>
        </group>
    </open-files>
</project-private>
